[
  {
    "question": "How is Aidvenger different?",
    "answer": "We answer distress calls with speed, deliver cinematic results, and rally sponsors to support community missions."
  },
  {
    "question": "What areas do you serve?",
    "answer": "Greater NYC & ATL to start \u2014 expanding soon."
  },
  {
    "question": "Are your cleaners vetted?",
    "answer": "Yes. Verified pros with background checks and training."
  },
  {
    "question": "How fast can you respond?",
    "answer": "Often same\u2011day. Average dispatch under 2 hours."
  },
  {
    "question": "Do you bring supplies?",
    "answer": "Yes, professional gear and eco options on request."
  },
  {
    "question": "How do sponsors help?",
    "answer": "Local businesses fund select missions and receive public credit and a Victory Emblem."
  },
  {
    "question": "Can I gift a Mission Credit?",
    "answer": "Yes. Add Mission Credits on checkout and gift to a friend or cause."
  },
  {
    "question": "What\u2019s your guarantee?",
    "answer": "We leave every scene better than we found it\u2014period."
  },
  {
    "question": "Do you handle hazardous waste?",
    "answer": "Not at this time. We can refer specialized partners."
  },
  {
    "question": "How do I book?",
    "answer": "Use the Book a Clean form or schedule via Calendly on /book."
  },
  {
    "question": "Can I choose a mission to sponsor?",
    "answer": "Yes. Pick any Incoming or In Progress mission and sponsor directly from its page."
  },
  {
    "question": "Do you offer commercial plans?",
    "answer": "Yes\u2014contact us for custom retainers and SLAs."
  }
]
